<?xml version="1.0" encoding="UTF-8"?>
<GenRun Id="impl_1" LaunchPart="xc7a100tcsg324-1" LaunchTime="1746659400">
  <File Type="ROUTE-PWR" Name="ComboLock_power_routed.rpt"/>
  <File Type="PA-TCL" Name="ComboLock.tcl"/>
  <File Type="ROUTE-PWR-SUM" Name="ComboLock_power_summary_routed.pb"/>
  <File Type="REPORTS-TCL" Name="ComboLock_reports.tcl"/>
  <File Type="OPT-RQA-PB" Name="ComboLock_rqa_opted.pb"/>
  <File Type="BITSTR-MMI" Name="ComboLock.mmi"/>
  <File Type="OPT-METHODOLOGY-DRC" Name="ComboLock_methodology_drc_opted.rpt"/>
  <File Type="INIT-TIMING" Name="ComboLock_timing_summary_init.rpt"/>
  <File Type="OPT-TIMING" Name="ComboLock_timing_summary_opted.rpt"/>
  <File Type="OPT-DCP" Name="ComboLock_opt.dcp"/>
  <File Type="OPT-DRC" Name="ComboLock_drc_opted.rpt"/>
  <File Type="OPT-HWDEF" Name="ComboLock.hwdef"/>
  <File Type="PWROPT-DCP" Name="ComboLock_pwropt.dcp"/>
  <File Type="PWROPT-DRC" Name="ComboLock_drc_pwropted.rpt"/>
  <File Type="PWROPT-TIMING" Name="ComboLock_timing_summary_pwropted.rpt"/>
  <File Type="PLACE-DCP" Name="ComboLock_placed.dcp"/>
  <File Type="PLACE-IO" Name="ComboLock_io_placed.rpt"/>
  <File Type="PLACE-CLK" Name="ComboLock_clock_utilization_placed.rpt"/>
  <File Type="PLACE-UTIL" Name="ComboLock_utilization_placed.rpt"/>
  <File Type="PLACE-UTIL-PB" Name="ComboLock_utilization_placed.pb"/>
  <File Type="PLACE-CTRL" Name="ComboLock_control_sets_placed.rpt"/>
  <File Type="PLACE-SIMILARITY" Name="ComboLock_incremental_reuse_placed.rpt"/>
  <File Type="PLACE-PRE-SIMILARITY" Name="ComboLock_incremental_reuse_pre_placed.rpt"/>
  <File Type="BG-BIN" Name="ComboLock.bin"/>
  <File Type="PLACE-TIMING" Name="ComboLock_timing_summary_placed.rpt"/>
  <File Type="ROUTE-PWR-RPX" Name="ComboLock_power_routed.rpx"/>
  <File Type="PLACE-RQA-PB" Name="ComboLock_rqa_placed.pb"/>
  <File Type="POSTPLACE-PWROPT-DCP" Name="ComboLock_postplace_pwropt.dcp"/>
  <File Type="BITSTR-MSK" Name="ComboLock.msk"/>
  <File Type="POSTPLACE-PWROPT-TIMING" Name="ComboLock_timing_summary_postplace_pwropted.rpt"/>
  <File Type="PHYSOPT-DCP" Name="ComboLock_physopt.dcp"/>
  <File Type="PHYSOPT-DRC" Name="ComboLock_drc_physopted.rpt"/>
  <File Type="BITSTR-RBT" Name="ComboLock.rbt"/>
  <File Type="PHYSOPT-TIMING" Name="ComboLock_timing_summary_physopted.rpt"/>
  <File Type="ROUTE-ERROR-DCP" Name="ComboLock_routed_error.dcp"/>
  <File Type="ROUTE-DCP" Name="ComboLock_routed.dcp"/>
  <File Type="ROUTE-BLACKBOX-DCP" Name="ComboLock_routed_bb.dcp"/>
  <File Type="ROUTE-DRC" Name="ComboLock_drc_routed.rpt"/>
  <File Type="ROUTE-DRC-PB" Name="ComboLock_drc_routed.pb"/>
  <File Type="ROUTE-DRC-RPX" Name="ComboLock_drc_routed.rpx"/>
  <File Type="ROUTE-METHODOLOGY-DRC" Name="ComboLock_methodology_drc_routed.rpt"/>
  <File Type="ROUTE-METHODOLOGY-DRC-RPX" Name="ComboLock_methodology_drc_routed.rpx"/>
  <File Type="ROUTE-METHODOLOGY-DRC-PB" Name="ComboLock_methodology_drc_routed.pb"/>
  <File Type="ROUTE-RQS-PB" Name="ComboLock_rqs_routed.pb"/>
  <File Type="ROUTE-STATUS" Name="ComboLock_route_status.rpt"/>
  <File Type="ROUTE-STATUS-PB" Name="ComboLock_route_status.pb"/>
  <File Type="ROUTE-TIMINGSUMMARY" Name="ComboLock_timing_summary_routed.rpt"/>
  <File Type="ROUTE-TIMING-PB" Name="ComboLock_timing_summary_routed.pb"/>
  <File Type="ROUTE-TIMING-RPX" Name="ComboLock_timing_summary_routed.rpx"/>
  <File Type="ROUTE-SIMILARITY" Name="ComboLock_incremental_reuse_routed.rpt"/>
  <File Type="ROUTE-CLK" Name="ComboLock_clock_utilization_routed.rpt"/>
  <File Type="ROUTE-BUS-SKEW" Name="ComboLock_bus_skew_routed.rpt"/>
  <File Type="ROUTE-BUS-SKEW-PB" Name="ComboLock_bus_skew_routed.pb"/>
  <File Type="ROUTE-BUS-SKEW-RPX" Name="ComboLock_bus_skew_routed.rpx"/>
  <File Type="POSTROUTE-PHYSOPT-DCP" Name="ComboLock_postroute_physopt.dcp"/>
  <File Type="POSTROUTE-PHYSOPT-BLACKBOX-DCP" Name="ComboLock_postroute_physopt_bb.dcp"/>
  <File Type="POSTROUTE-PHYSOPT-TIMING" Name="BCDto7Seg_timing_summary_postroute_physopted.rpt"/>
  <File Type="POSTROUTE-PHYSOPT-TIMING-PB" Name="BCDto7Seg_timing_summary_postroute_physopted.pb"/>
  <File Type="POSTROUTE-PHYSOPT-TIMING-RPX" Name="BCDto7Seg_timing_summary_postroute_physopted.rpx"/>
  <File Type="POSTROUTE-PHYSOPT-BUS-SKEW" Name="BCDto7Seg_bus_skew_postroute_physopted.rpt"/>
  <File Type="BG-BIT" Name="ComboLock.bit"/>
  <File Type="POSTROUTE-PHYSOPT-BUS-SKEW-PB" Name="BCDto7Seg_bus_skew_postroute_physopted.pb"/>
  <File Type="POSTROUTE-PHYSOPT-BUS-SKEW-RPX" Name="BCDto7Seg_bus_skew_postroute_physopted.rpx"/>
  <File Type="BITSTR-NKY" Name="ComboLock.nky"/>
  <File Type="BITSTR-BMM" Name="ComboLock_bd.bmm"/>
  <File Type="PDI-FILE" Name="ComboLock.pdi"/>
  <File Type="BOOT-PDI-FILE" Name="ComboLock_boot.pdi"/>
  <File Type="PL-PDI-FILE" Name="ComboLock_pld.pdi"/>
  <File Type="RCFI_FILE" Name="ComboLock.rcfi"/>
  <File Type="CFI_FILE" Name="ComboLock.cfi"/>
  <File Type="RNPI_FILE" Name="ComboLock.rnpi"/>
  <File Type="NPI_FILE" Name="ComboLock.npi"/>
  <File Type="RBD_FILE" Name="ComboLock.rbd"/>
  <File Type="BITSTR-LTX" Name="debug_nets.ltx"/>
  <File Type="BITSTR-LTX" Name="ComboLock.ltx"/>
  <File Type="BITSTR-SYSDEF" Name="ComboLock.sysdef"/>
  <File Type="BG-BGN" Name="ComboLock.bgn"/>
  <File Type="BG-DRC" Name="ComboLock.drc"/>
  <File Type="RDI-RDI" Name="ComboLock.vdi"/>
  <File Type="WBT-USG" Name="usage_statistics_webtalk.html"/>
  <File Type="ROUTE-RQS" Name="ComboLock_routed.rqs"/>
  <File Type="POSTROUTE-PHYSOPT-RQS" Name="ComboLock_postroute_physopted.rqs"/>
  <File Type="ROUTE-RQS-RPT" Name="route_report_qor_suggestions_0.rpt"/>
  <File Type="POSTROUTE-PHYSOPT-RQS-RPT" Name="postroute_physopt_report_qor_suggestions_0.rpt"/>
  <FileSet Name="sources" Type="DesignSrcs" RelSrcDir="$PSRCDIR/sources_1" RelGenDir="$PGENDIR/sources_1">
    <Filter Type="Srcs"/>
    <File Path="$PSRCDIR/sources_1/new/btnc-debounce.vhd">
      <FileInfo>
        <Attr Name="UsedIn" Val="synthesis"/>
        <Attr Name="UsedIn" Val="simulation"/>
      </FileInfo>
    </File>
    <File Path="$PSRCDIR/sources_1/new/btnl-debounce.vhd">
      <FileInfo>
        <Attr Name="UsedIn" Val="synthesis"/>
        <Attr Name="UsedIn" Val="simulation"/>
      </FileInfo>
    </File>
    <File Path="$PSRCDIR/sources_1/new/btnr-debounce.vhd">
      <FileInfo>
        <Attr Name="UsedIn" Val="synthesis"/>
        <Attr Name="UsedIn" Val="simulation"/>
      </FileInfo>
    </File>
    <File Path="$PPRDIR/combo-lock.vhd">
      <FileInfo>
        <Attr Name="UsedIn" Val="synthesis"/>
        <Attr Name="UsedIn" Val="simulation"/>
      </FileInfo>
    </File>
    <Config>
      <Option Name="DesignMode" Val="RTL"/>
      <Option Name="TopModule" Val="ComboLock"/>
      <Option Name="TopAutoSet" Val="TRUE"/>
    </Config>
  </FileSet>
  <FileSet Name="constrs_in" Type="Constrs" RelSrcDir="$PSRCDIR/constrs_1" RelGenDir="$PGENDIR/constrs_1">
    <Filter Type="Constrs"/>
    <File Path="$PPRDIR/../Nexys4_Board_Material/Nexys4DDR_Master.xdc">
      <FileInfo>
        <Attr Name="UsedIn" Val="synthesis"/>
        <Attr Name="UsedIn" Val="implementation"/>
      </FileInfo>
    </File>
    <Config>
      <Option Name="ConstrsType" Val="XDC"/>
    </Config>
  </FileSet>
  <FileSet Name="utils" Type="Utils" RelSrcDir="$PSRCDIR/utils_1" RelGenDir="$PGENDIR/utils_1">
    <Filter Type="Utils"/>
    <File Path="$PSRCDIR/utils_1/imports/synth_1/ComboLock.dcp">
      <FileInfo>
        <Attr Name="UsedIn" Val="synthesis"/>
        <Attr Name="UsedIn" Val="implementation"/>
        <Attr Name="UsedInSteps" Val="synth_1"/>
        <Attr Name="AutoDcp" Val="1"/>
      </FileInfo>
    </File>
    <Config>
      <Option Name="TopAutoSet" Val="TRUE"/>
    </Config>
  </FileSet>
  <Strategy Version="1" Minor="2">
    <StratHandle Name="Vivado Implementation Defaults" Flow="Vivado Implementation 2023"/>
    <Step Id="init_design"/>
    <Step Id="opt_design"/>
    <Step Id="power_opt_design"/>
    <Step Id="place_design"/>
    <Step Id="post_place_power_opt_design"/>
    <Step Id="phys_opt_design"/>
    <Step Id="route_design"/>
    <Step Id="post_route_phys_opt_design"/>
    <Step Id="write_bitstream"/>
  </Strategy>
</GenRun>
